state,district,n_teaminc,n_perinc,n_splform,n_sdreport,structuressub,n_mintest,n_minmeds,inputssub,n_jasestb,n_jasmtg,n_cbac,n_abha,communitysub,n_nqas,n_kayakalp,qasub,capacity,n_anc4,n_facilitybirth,n_c_fpunmet,n_fpcounseling,fpreproductivesub_sd,n_hbnc,n_breastfed,n_fullimmun,neonatalchildsub,n_footfall,n_teleconsult,opdsub,n_htnscreen,n_oralscreen,n_cervicalscreen,n_dmcontrol,n_htncontrol,ncdsub_sd,servicedelivery,n_c_anemia,n_c_stunted,fpreproductivesub_im,n_tbtrt,n_c_diarrhea,n_c_ari,communicablesub,n_c_htnf,n_c_htnm,n_c_dmf,n_c_dmm,ncdsub_im,impact,cphcindex,teaminc,perinc,splform,sdreport,mintest,minmed,jasestb,jasmtg,cbac,abha,nqas,kayakalp,anc4,facilitybirth,hbnc,breastfed,fullimmun,fpunmet,fpcounseling,footfall,teleconsult,htnscreen,oralscreen,cervicalscreen,dmcontrol,htncontrol,anemia,stunted,tbtrt,diarrhea,ari,htnf,htnm,dmf,dmm
1,Ahmedabad,0.3451,0.313,0.82,0.1886,0.416675,0.1352,0.96,0.5476,0.7117438,0.032,0.2562,0.1285,0.28211095,0.225,0.3297872,0.2773936,0.380944888,0.778,0.945,0.935,0.362,0.755,1,0.339,0.652,0.663666667,0.0127698,0.0380064,0.0253881,0.0591,0.255,0.221,0.033625,0.014625,0.11667,0.390181192,0.365,0.645,0.505,0.185,0.982,0.99,0.719,0.815,0.8380001,0.797,0.799,0.812250025,0.678750008,0.483292029,34.51,31.3,82,18.86,13.52,96,71.17,3.2,25.62,12.85,18,33,77.8,94.5,101.4095463,33.9,65.2,6.5,36.2,0.09352902,0.00379143,5.91,25.5,22.1,2.69,1.17,63.5,35.5,18.5,1.8,1,18.5,16.2,20.3,20.1
1,Amreli,0.189,0.185,0.686,0.2899,0.337475,0.0168,0.87,0.4434,0.9327731,0,0.1849,0.2867,0.351093275,0.0375,0.0404858,0.0389929,0.292740294,0.926,0.901,0.905,0.3,0.758,1,0.404,0.601,0.668333333,0.0681039,0.2269759,0.1475399,0.1463,0.4141,0.3591,0.060625,0.047875,0.2056,0.444868308,0.497,0.647,0.572,0.18,0.965,0.997,0.714,0.82,0.885,0.845,0.827,0.84425,0.710083333,0.482563978,18.9,18.5,68.6,28.99,1.68,87,93.28,0,18.49,28.67,3,4,92.6,90.1,102.0337013,40.4,60.1,9.5,30,0.2107944,0.01463634,14.63,41.41,35.91,4.85,3.83,50.3,35.3,18,3.5,0.3,18,11.5,15.5,17.3
1,Anand,0.205,0.194,0.8219,0.2367,0.3644,0.0565,0.96,0.50825,0.7102473,0.0071,0.2332,0.2274,0.294486825,0.1375,0.0967742,0.1171371,0.321068481,0.642,0.96,0.835,0.239,0.669,1,0.337,0.77,0.702333333,0.0557508,0.1928045,0.12427765,0.1267,0.4601,0.4202,0.064875,0.040375,0.22245,0.429515246,0.334,0.616,0.475,0.266,0.883,1,0.716333333,0.734,0.731,0.834,0.845,0.786,0.659111111,0.469898279,20.5,19.4,82.19,23.67,5.65,96,71.02,0.71,23.32,22.74,11,9.7,64.2,96,102.6505061,33.7,77,16.5,23.9,0.18461537,0.01267525,12.67,46.01,42.02,5.19,3.23,66.6,38.4,26.6,11.7,0,26.6,26.9,16.6,15.5
1,Aravalli,0.093,0.098,0.8562,0.2022,0.31235,0.0437,0.86,0.45185,0.8087432,0,0.1858,0.2381,0.3081608,0.225,0.3535912,0.2892956,0.3404141,0.738,0.922,0.888,0.3,0.712,1,0.33,0.77,0.7,0.0884879,0.6028007,0.3456443,0.1562,0.6026,0.4648,0.008375,0,0.246395,0.501009825,0.229,0.529,0.379,0.21,0.834,0.982,0.675333333,0.79,0.78,0.876,0.849,0.82375,0.626027778,0.489150568,9.3,9.8,85.62,20.22,4.37,86,80.87,0,18.58,23.81,18,35.4,73.8,92.2,112.9972131,33,77,11.2,30,0.2539925,0.03620483,15.62,60.26,46.48,0.67,0,77.1,47.1,21,16.6,1.8,21,22,12.4,15.1
1,Banaskantha,0.137,0.143,0.7507,0.1875,0.30455,0.1038,0.96,0.5319,0.8616071,0.0525,0.317,0.1323,0.340851775,0.1375,0.1302774,0.1338887,0.327797619,0.561,0.929,0.815,0.251,0.639,0.9249108,0.479,0.435,0.612970267,0.0044044,0.0274073,0.01590585,0.1882,0.6876,0.5381,0.1835,0.07075,0.33363,0.400376529,0.314,0.61,0.462,0.143,0.923,1,0.688666667,0.857,0.8430001,0.871,0.8419999,0.85325,0.667972222,0.465382123,13.7,14.3,75.07,18.75,10.38,96,86.16,5.25,31.7,13.23,11,13,56.1,92.9,92.49107598,47.9,43.5,18.5,25.1,0.07580067,0.00318315,18.82,68.76,53.81,14.68,5.66,68.6,39,14.3,7.7,0,14.3,15.7,12.9,15.8
1,Bharuch,0.332,0.325,0.7814,0.4562,0.47365,0.0584,0.76,0.4092,0.6350365,0.0036,0.3175,0.3481,0.326059125,0.0625,0.2095588,0.1360294,0.336234631,0.657,0.911,0.797,0.162,0.63175,1,0.307,0.8,0.702333333,0.0730314,0.2358947,0.15446305,0.1758,0.6376,0.586,0.025375,0.0245,0.289855,0.444600346,0.284,0.591,0.4375,0.237,0.888,0.996,0.707,0.763,0.751,0.82,0.795,0.78225,0.64225,0.474361659,33.2,32.5,78.14,45.62,5.84,76,63.5,0.36,31.75,34.81,5,21,65.7,91.1,101.3216561,30.7,80,20.3,16.2,0.22123671,0.01514819,17.58,63.76,58.6,2.03,1.96,71.6,40.9,23.7,11.2,0.4,23.7,24.9,18,20.5
1,Bhavnagar,0.256,0.202,0.7899,0.1807,0.35715,0.0301,0.92,0.47505,0.9126506,0.009,0.3855,0.1512,0.36458765,0.175,0.2848297,0.22991485,0.356675625,0.709,0.942,0.845,0.126,0.6555,0.9103742,0.339,0.743,0.664124733,0.0442837,0.1451533,0.0947185,0.1157,0.301,0.2172,0.226375,0.098,0.191655,0.401499558,0.509,0.674,0.5915,0.201,0.889,0.982,0.690666667,0.799,0.82,0.836,0.829,0.821,0.701055556,0.486410246,25.6,20.2,78.99,18.07,3.01,92,91.27,0.9,38.55,15.12,14,28.5,70.9,94.2,91.03741878,33.9,74.3,15.5,12.6,0.160314,0.00994056,11.57,30.1,21.72,18.11,7.84,49.1,32.6,20.1,11.1,1.8,20.1,18,16.4,17.1
1,Botad,0.1373,0.0784,0.75,0.1373,0.27575,0.0098,0.75,0.3799,0.8823529,0,0.2353,0.2334,0.337763225,0.0625,0.0823529,0.07242645,0.266459919,0.827,0.935,0.868,0.174,0.701,1,0.359,0.651,0.67,0.1554792,0.9354667,0.54547295,0.1123,0.3531,0.2696,0,0,0.147,0.515868238,0.409,0.678,0.5435,0.125,0.946,0.994,0.688333333,0.875,0.88,0.833,0.832,0.855,0.695611111,0.492646422,13.73,7.84,75,13.73,0.98,75,88.24,0,23.53,23.34,5,8.2,82.7,93.5,100.9944312,35.9,65.1,13.2,17.4,0.39596219,0.05529645,11.23,35.31,26.96,0,0,59.1,32.2,12.5,5.4,0.6,12.5,12,16.7,16.8
1,Chhotaudepur,0.0906,0.0871,0.6681,0.1324,0.24455,0.1185,0.74,0.42925,0.4878049,0.0035,0.3136,0.1014,0.226576225,0.1875,0.1884058,0.1879529,0.272082281,0.812,0.857,0.949,0.642,0.815,0.8306451,0.244,0.817,0.630548367,0.0632142,0.2653413,0.16427775,0.1871,0.6172,0.5188,0.006375,0.0065,0.267195,0.469255279,0.209,0.514,0.3615,0.194,0.887,0.973,0.684666667,0.806,0.825,0.896,0.862,0.84725,0.631138889,0.45749215,9.06,8.71,66.81,13.24,11.85,74,48.78,0.35,31.36,10.14,15,18.8,81.2,85.7,83.06451613,24.4,81.7,5.1,64.2,0.20043203,0.01683812,18.71,61.72,51.88,0.51,0.52,79.1,48.6,19.4,11.3,2.7,19.4,17.5,10.4,13.8
1,Dahod,0.1083,0.0967,0.7868,0.2553,0.311775,0.2418,0.92,0.5809,0.9052224,0.0135,0.4449,0.1911,0.3886806,0.0625,0.0273973,0.04494865,0.331576063,0.709,0.925,0.923,0.316,0.71825,0.9601648,0.403,0.662,0.675054933,0.0340679,0.1891176,0.11159275,0.1601,0.6074,0.466,0.097,0.045,0.2751,0.444999421,0.246,0.447,0.3465,0.182,0.86,0.9630001,0.668333367,0.818,0.823,0.882,0.886,0.85225,0.622361122,0.466312202,10.83,9.67,78.68,25.53,24.18,92,90.52,1.35,44.49,19.11,5,2.7,70.9,92.5,96.01648352,40.3,66.2,7.7,31.6,0.13866435,0.01246366,16.01,60.74,46.6,7.76,3.6,75.4,55.3,18.2,14,3.7,18.2,17.7,11.8,11.4
1,Devbhoomi Dwarka,0.2036,0.1796,0.8626,0.0719,0.329425,0.1018,0.74,0.4209,0.748503,0.0479,0.4012,0.22,0.35440075,0.15,0.1,0.125,0.307431438,0.766,0.948,0.841,0.335,0.7225,1,0.558,0.733,0.763666667,0.1555748,0.9651506,0.5603627,0.1458,0.4865,0.4388,0.229125,0.2255,0.305145,0.587918592,0.512,0.698,0.605,0.181,0.909,1,0.696666667,0.819,0.827,0.865,0.865,0.844,0.715222222,0.536857417,20.36,17.96,86.26,7.19,10.18,74,74.85,4.79,40.12,22,12,10,76.6,94.8,100.8849558,55.8,73.3,15.9,33.5,0.39616474,0.057,14.58,48.65,43.88,18.33,18.04,48.8,30.2,18.1,9.1,0,18.1,17.3,13.5,13.5
1,Gandhinagar,0.3191,0.3138,0.7447,0.1064,0.371,0.0479,0.61,0.32895,0.7021276,0.0479,0.3351,0.33,0.3537819,0.2375,0.2795699,0.25853495,0.328066713,0.71,0.978,0.815,0.169,0.668,0.986555,0.378,0.777,0.713851667,0.1234392,0.3520697,0.23775445,0.1642,0.5826,0.5466,0.5575,0.073375,0.384855,0.501115279,0.308,0.619,0.4635,0.239,0.85,0.996,0.695,0.761,0.707,0.815,0.813,0.774,0.644166667,0.491116219,31.91,31.38,74.47,10.64,4.79,61,70.21,4.79,33.51,33,19,28,71,97.8,98.65550482,37.8,77.7,18.5,16.9,0.32806221,0.02181544,16.42,58.26,54.66,44.6,5.87,69.2,38.1,23.9,15,0.4,23.9,29.3,18.5,18.7
1,Gir Somnath,0.2344,0.1818,0.7857,0.0957,0.3244,0.0574,0.98,0.5187,0.8086125,0.0048,0.4498,0.3395,0.400678125,0.0875,0.1298077,0.10865385,0.338107994,0.807,0.871,0.876,0.24,0.6985,1,0.376,0.699,0.691666667,0.1309529,0.3373345,0.2341437,0.1553,0.6203,0.5384,0.195375,0.090875,0.32005,0.486090092,0.504,0.556,0.53,0.14,0.901,0.993,0.678,0.86,0.877,0.868,0.858,0.86575,0.69125,0.505149362,23.44,18.18,78.57,9.57,5.74,98,80.86,0.48,44.98,33.95,7,13,80.7,87.1,102.3305085,37.6,69.9,12.4,24,0.34398547,0.02096979,15.53,62.03,53.84,15.63,7.27,49.6,44.4,14,9.9,0.7,14,12.3,13.2,14.2
1,Jamnagar,0.3427,0.3185,0.7643,0.2621,0.4219,0,0.88,0.44,0.9233871,0.0323,0.3669,0.1844,0.376746775,0.15,0.1882845,0.16914225,0.351947256,0.738,0.965,0.98,0.608,0.82275,0.8442649,0.446,0.784,0.691421633,0.1324213,0.4982775,0.3153494,0.1089,0.3084,0.195,0.269,0.3965,0.25556,0.521270258,0.494,0.716,0.605,0.181,0.96,0.979,0.706666667,0.819,0.85,0.8469999,0.845,0.840249975,0.717305547,0.530174354,34.27,31.85,76.43,26.21,0,88,92.34,3.23,36.69,18.44,12,18.8,73.8,96.5,84.4264843,44.6,78.4,2,60.8,0.34709731,0.03020627,10.89,30.84,19.5,21.52,31.72,50.6,28.4,18.1,4,2.1,18.1,15,15.3,15.5
1,Junagadh,0.3385,0.3113,0.7878,0.0623,0.374975,0.1128,0.86,0.4864,0.6381323,0.0195,0.3113,0.1991,0.292008075,0.125,0.019305,0.0721525,0.306383894,0.725,0.974,0.862,0.265,0.7065,0.9895049,0.325,0.935,0.749834967,0.0892841,0.2609597,0.1751219,0.0889,0.3133,0.2826,0.433625,0.09925,0.243535,0.468747967,0.412,0.627,0.5195,0.233,0.925,0.985,0.714333333,0.767,0.792,0.815,0.807,0.79525,0.676361111,0.483830991,33.85,31.13,78.78,6.23,11.28,86,63.81,1.95,31.13,19.91,10,1.9,72.5,97.4,98.95049505,32.5,93.5,13.8,26.5,0.25567985,0.01658666,8.89,31.33,28.26,34.69,7.94,58.8,37.3,23.3,7.5,1.5,23.3,20.8,18.5,19.3
1,Kachchh,0.2319,0.2422,0.5128,0.2484,0.308825,0.0642,0.8,0.4321,0.805383,0.0062,0.4099,0.1946,0.35402075,0.0125,0.1593626,0.0859313,0.295219263,0.842,0.974,0.922,0.361,0.77475,0.9715847,0.432,0.702,0.701861567,0.0209772,0.2390789,0.13002805,0.1399,0.408,0.306,0.1785,0.028375,0.212155,0.454698654,0.42,0.625,0.5225,0.191,0.9680001,0.995,0.718000033,0.809,0.818,0.871,0.866,0.841,0.693833344,0.48125042,23.19,24.22,51.28,24.84,6.42,80,80.54,0.62,40.99,19.46,1,15.9,84.2,97.4,97.15846995,43.2,70.2,7.8,36.1,0.11092221,0.01533093,13.99,40.8,30.6,14.28,2.27,58,37.5,19.1,3.2,0.5,19.1,18.2,12.9,13.4
1,Kheda,0.2914,0.2947,0.7576,0.3808,0.431125,0.1722,0.97,0.5711,0.7715232,0.0331,0.2682,0.2299,0.3256808,0.225,0.1859649,0.20548245,0.383347063,0.612,0.952,0.835,0.138,0.63425,1,0.258,0.69,0.649333333,0.051406,0.2465827,0.14899435,0.1543,0.5065,0.4202,0.075875,0.07775,0.246925,0.419875671,0.238,0.627,0.4325,0.24,0.859,0.985,0.694666667,0.76,0.755,0.84,0.818,0.79325,0.640138889,0.481120541,29.14,29.47,75.76,38.08,17.22,97,77.15,3.31,26.82,22.99,18,18.6,61.2,95.2,118.2179297,25.8,69,16.5,13.8,0.17540769,0.01576157,15.43,50.65,42.02,6.07,6.22,76.2,37.3,24,14.1,1.5,24,24.5,16,18.2
1,Mahesana,0.2291,0.1709,0.6995,0.4,0.374875,0,0.82,0.41,0.9563636,0.0182,0.2509,0.3778,0.4008159,0.025,0.1521739,0.08858695,0.318569463,0.566,0.973,0.816,0.209,0.641,0.8742397,0.328,0.796,0.6660799,0.0660962,0.4385806,0.2523384,0.1321,0.4558,0.4085,0.1235,0.070125,0.238005,0.449355825,0.305,0.69,0.4975,0.226,0.854,0.995,0.691666667,0.774,0.73,0.806,0.784,0.7735,0.654222222,0.47404917,22.91,17.09,69.95,40,0,82,95.64,1.82,25.09,37.78,2,15.2,56.6,97.3,87.42396594,32.8,79.6,18.4,20.9,0.2065396,0.02678028,13.21,45.58,40.85,9.88,5.61,69.5,31,22.6,14.6,0.5,22.6,27,19.4,21.6
1,Mahisagar,0.0444,0.0489,0.8277,0.4222,0.3358,0.0133,0.8,0.40665,0.9866667,0.0044,0.0978,0.1711,0.314991675,0.0375,0.0233645,0.03043225,0.271968481,0.766,0.93,0.932,0.443,0.76775,1,0.215,0.8,0.671666667,0.0801407,0.7661318,0.42313625,0.1728,0.5672,0.4231,0.119,0.14475,0.28537,0.536980729,0.268,0.566,0.417,0.163,0.856,0.991,0.67,0.837,0.853,0.877,0.869,0.859,0.648666667,0.485871959,4.44,4.89,82.77,42.22,1.33,80,98.67,0.44,9.78,17.11,3,2.3,76.6,93,100,21.5,80,6.8,44.3,0.23630296,0.04557836,17.28,56.72,42.31,9.52,11.58,73.2,43.4,16.3,14.4,0.9,16.3,14.7,12.3,13.1
1,Morbi,0.4064,0.3927,0.796,0.8356,0.607675,0.1598,1,0.5799,0.977169,0.0183,0.2694,0.2656,0.38261725,0.1625,0.2283105,0.19540525,0.441399375,0.751,0.948,0.898,0.444,0.76025,1,0.471,0.642,0.704333333,0.1632639,0.693087,0.42817545,0.2104,0.6979,0.6446,0.08925,0.11025,0.35048,0.560809696,0.493,0.671,0.582,0.184,0.9630001,0.991,0.7126667,0.816,0.849,0.822,0.813,0.825,0.706555567,0.569588213,40.64,39.27,79.6,83.56,15.98,100,97.72,1.83,26.94,26.56,13,22.8,75.1,94.8,109.1812081,47.1,64.2,10.2,44.4,0.41245979,0.04138634,21.04,69.79,64.46,7.14,8.82,50.7,32.9,18.4,3.7,0.9,18.4,15.1,17.8,18.7
1,Narmada,0.1542,0.1294,0.7538,0.1045,0.285475,0.8756,0.84,0.8578,0.7860696,0.0149,0.2637,0.3781,0.3606924,0.1625,0.1428571,0.15267855,0.414161488,0.834,0.817,0.947,0.45,0.762,0.8732045,0.306,0.828,0.669068167,0.2184149,0.9651506,0.59178275,0.2836,0.9098,0.8696,0.19775,0.021125,0.456375,0.619806479,0.241,0.528,0.3845,0.192,0.925,0.99,0.702333333,0.808,0.792,0.892,0.869,0.84025,0.642361111,0.558776359,15.42,12.94,75.38,10.45,87.56,84,78.61,1.49,26.37,37.81,13,14.3,83.4,81.7,87.32045567,30.6,82.8,5.3,45,0.52933693,0.057,28.36,90.98,86.96,15.82,1.69,75.9,47.2,19.2,7.5,1,19.2,20.8,10.8,13.1
1,Navsari,0.0802,0.0496,0.794,0.3244,0.31205,0.5916,0.84,0.7158,0.9045802,0,0.271,0.3715,0.38677005,0.05,0.0612245,0.05561225,0.367558075,0.947,0.993,0.935,0.628,0.87575,0.982461,0.17,0.95,0.700820333,0.0686693,0.4230808,0.24587505,0.1444,0.4738,0.4617,0.01175,0.058375,0.230005,0.513112596,0.311,0.632,0.4715,0.237,0.934,0.961,0.710666667,0.763,0.779,0.84,0.839,0.80525,0.662472222,0.514380964,8.02,4.96,79.4,32.44,59.16,84,90.46,0,27.1,37.15,4,6.1,94.7,99.3,98.24609482,17,95,6.5,62.8,0.21199244,0.02589075,14.44,47.38,46.17,0.94,4.67,68.9,36.8,23.7,6.6,3.9,23.7,22.1,16,16.1
1,Panchmahals,0.1264,0.1041,0.7323,0.0929,0.263925,0.0074,0.86,0.4337,0.9033457,0.0074,0.3123,0.1221,0.336286425,0.075,0.0404412,0.0577206,0.272908006,0.887,0.884,0.93,0.292,0.74825,1,0.402,0.954,0.785333333,0.0848196,0.2841722,0.1844959,0.1318,0.429,0.4061,0.074,0.036375,0.215455,0.483383558,0.305,0.529,0.417,0.225,0.863,0.991,0.693,0.775,0.724,0.862,0.848,0.80225,0.637416667,0.46456941,12.64,10.41,73.23,9.29,0.74,86,90.33,0.74,31.23,12.21,6,4,88.7,88.4,100,40.2,95.4,7,29.2,0.24621857,0.01791882,13.18,42.9,40.61,5.92,2.91,69.5,47.1,22.5,13.7,0.9,22.5,27.6,13.8,15.2
1,Patan,0.1129,0.1097,0.7485,0.1516,0.280675,0.8065,0.65,0.72825,0.9741936,0.029,0.4194,0.3014,0.4309984,0.1125,0.0254777,0.06898885,0.377228063,0.798,0.986,0.888,0.375,0.76175,0.9876801,0.411,0.81,0.7362267,0.0398054,0.3881502,0.2139778,0.1562,0.567,0.455,0.097125,0.17625,0.290315,0.500567375,0.402,0.495,0.4485,0.163,0.932,0.995,0.696666667,0.837,0.837,0.819,0.812,0.82625,0.657138889,0.511644775,11.29,10.97,74.85,15.16,80.65,65,97.42,2.9,41.94,30.14,9,2.5,79.8,98.6,98.76800607,41.1,81,11.2,37.5,0.15082341,0.02388609,15.62,56.7,45.5,7.77,14.1,59.8,50.5,16.3,6.8,0.5,16.3,16.3,18.1,18.8
1,Porbandar,0.1494,0.1494,0.6159,0.2759,0.29765,0,0.92,0.46,0.8965517,0.0345,0.2759,0.3342,0.385287925,0.1875,0.2272727,0.20738635,0.337581069,0.921,1,0.923,0.591,0.85875,0.9989218,0.551,0.829,0.792973933,0.2229746,0.9651506,0.5940626,0.1685,0.4693,0.3806,0.341375,0.011625,0.27428,0.630016633,0.526,0.818,0.672,0.158,0.944,0.992,0.698,0.8419999,0.8380001,0.836,0.805,0.83025,0.733416667,0.56700479,14.94,14.94,61.59,27.59,0,92,89.66,3.45,27.59,33.42,15,22.7,92.1,100,99.89218329,55.1,82.9,7.7,59.1,0.539,0.057,16.85,46.93,38.06,27.31,0.93,47.4,18.2,15.8,5.6,0.8,15.8,16.2,16.4,19.5
1,Rajkot,0.1684,0.1579,0.7859,0.2842,0.3491,0,0.77,0.385,0.6421053,0.0237,0.4526,0.3014,0.354951325,0.075,0.1526316,0.1138158,0.300716781,0.935,0.993,0.938,0.481,0.83675,0.94124,0.452,0.849,0.747413333,0.0519276,0.2083522,0.1301399,0.0957,0.312,0.2685,0.032625,0.15775,0.173315,0.471904558,0.394,0.611,0.5025,0.178,0.957,0.988,0.707666667,0.822,0.855,0.834,0.846,0.83925,0.683138889,0.485253409,16.84,15.79,78.59,28.42,0,77,64.21,2.37,45.26,30.14,6,15.3,93.5,99.3,94.12399892,45.2,84.9,6.2,48.1,0.17651318,0.01356753,9.57,31.2,26.85,2.61,12.62,60.6,38.9,17.8,4.3,1.2,17.8,14.5,16.6,15.4
1,Sabarkantha,0.6151,0.6151,0.7928,0.5326,0.6389,0.0034,0.95,0.4767,0.9690722,0.0172,0.4845,0.1315,0.40056805,0.1875,0.2886598,0.2380799,0.438561988,0.732,0.894,0.9080001,0.218,0.688000025,0.9591508,0.371,0.885,0.7383836,0.1053404,0.5496176,0.327479,0.142,0.5182,0.3953,0.33225,0.00875,0.2793,0.508290656,0.321,0.63,0.4755,0.24,0.86,0.995,0.698333333,0.76,0.739,0.863,0.834,0.799,0.657611111,0.534821252,61.51,61.51,79.28,53.26,0.34,95,96.91,1.72,48.45,13.15,15,28.9,73.2,89.4,95.91507659,37.1,88.5,9.2,21.8,0.28970674,0.03315267,14.2,51.82,39.53,26.58,0.7,67.9,37,24,14,0.5,24,26.1,13.7,16.6
1,Surat,0.1476,0.1214,0.7882,0.0929,0.287525,0.069,0.81,0.4395,0.8476191,0.0143,0.2286,0.1916,0.320529775,0.05,0.124105,0.0870525,0.283651819,0.934,0.977,0.943,0.398,0.813,0.9873984,0.441,0.928,0.785466133,-2.23E-10,1.30E-01,0.0651869,0.0728,0.2633,0.2577,0.014875,0.254125,0.17256,0.459053258,0.307,0.639,0.473,0.234,0.969,1,0.734333333,0.766,0.774,0.854,0.839,0.80825,0.671861111,0.471522063,14.76,12.14,78.82,9.29,6.9,81,84.76,1.43,22.86,19.16,4,12.4,93.4,97.7,98.73983962,44.1,92.8,5.7,39.8,0.06646686,0.00909237,7.28,26.33,25.77,1.19,20.33,69.3,36.1,23.4,3.1,0,23.4,22.6,14.6,16.1
1,Surendranagar,0.2443,0.1985,0.743,0.2824,0.36705,0.0076,0.98,0.4938,0.8320611,0.0038,0.3206,0.1707,0.331790275,0.2,0.2175573,0.20877865,0.350354731,0.575,0.856,0.917,0.251,0.64975,0.9248428,0.3,0.625,0.616614267,0.0632401,0.2957694,0.17950475,0.1164,0.3122,0.257,0.474375,0.033875,0.23877,0.421159754,0.446,0.608,0.527,0.171,0.914,0.971,0.685333333,0.829,0.853,0.836,0.807,0.83125,0.681194444,0.48423631,24.43,19.85,74.3,28.24,0.76,98,83.21,0.38,32.06,17.07,16,21.8,57.5,85.6,92.48428133,30,62.5,8.3,25.1,0.2004869,0.01858438,11.64,31.22,25.7,37.95,2.71,55.4,39.2,17.1,8.6,2.9,17.1,14.7,16.4,19.3
1,Tapi,0.4521,0.4406,0.8163,0.1571,0.466525,0.0766,0.96,0.5183,3.48E-01,0.1418,0.4215,0.4031,0.3286825,0.0125,0.0881226,0.0503113,0.3409547,0.91,0.929,0.9680001,0.413,0.805000025,1,0.468,0.975,0.814333333,0.1346181,0.9651506,0.54988435,0.2918,1,1,0.052125,0.054125,0.47961,0.662206927,0.224,0.583,0.4035,0.252,0.919,0.984,0.718333333,0.748,0.72,0.8419999,0.818,0.781999975,0.634611103,0.545924243,45.21,44.06,81.63,15.71,7.66,96,34.833,14.18,42.15,40.31,1,8.8,91,92.9,103.1899468,46.8,97.5,3.2,41.3,0.35175285,0.057,29.18,100,100,4.17,4.33,77.6,41.7,25.2,8.1,1.6,25.2,28,15.8,18.2
1,The Dangs,0.2785,0.3165,0.7287,0.1266,0.362575,0.0759,0.86,0.46795,0.6708861,0,0.2532,0.1809,0.276246525,0.0125,0.0641026,0.0383013,0.286268206,0.902,0.745,0.949,0.393,0.74725,0.9692653,0.375,0.913,0.752421767,0.2229746,0.9651506,0.5940626,0.3062,1,1,0.073125,0.015625,0.47899,0.643181092,0.224,0.624,0.424,0.229,0.949,0.973,0.717,0.771,0.759,0.933,0.9080001,0.842750025,0.661250008,0.530233102,27.85,31.65,72.87,12.66,7.59,86,67.09,0,25.32,18.09,1,6.4,90.2,74.5,96.92653673,37.5,91.3,5.1,39.3,0.539,0.057,30.62,100,100,5.85,1.25,77.6,37.6,22.9,5.1,2.7,22.9,24.1,6.7,9.2
1,Vadodara,0.4225,0.3527,0.8336,0.2016,0.4526,0.062,0.83,0.446,0.8178295,0.0194,0.1395,0.1608,0.284382375,0.175,0.3027889,0.23889445,0.355469206,0.659,0.959,0.886,0.175,0.66975,0.9480145,0.446,0.849,0.7476715,0.0294932,0.2095472,0.1195202,0.049,0.1813,0.184,0.18075,0.121125,0.143235,0.420044175,0.274,0.577,0.4255,0.243,0.882,0.993,0.706,0.757,0.762,0.834,0.849,0.8005,0.644,0.473171127,42.25,35.27,83.36,20.16,6.2,83,81.78,1.94,13.95,16.08,14,30.3,65.9,95.9,94.80145023,44.6,84.9,11.4,17.5,0.12896949,0.01363611,4.9,18.13,18.4,14.46,9.69,72.6,42.3,24.3,11.8,0.7,24.3,23.8,16.6,15.1
1,Valsad,0.0649,0.0413,0.8267,0.2773,0.30255,0.1091,0.8,0.45455,0.3893805,0.0177,0.1121,0.2417,0.190220125,0.0625,0.0541311,0.05831555,0.251408919,0.925,0.965,0.9069999,0.527,0.830999975,1,0.291,0.911,0.734,0.0468615,0.3937593,0.2203104,0.2082,0.7463,0.7416,0.125625,0.06275,0.376895,0.540551344,0.242,0.622,0.432,0.238,0.951,0.994,0.727666667,0.762,0.707,0.864,0.828,0.79025,0.649972222,0.480644162,6.49,4.13,82.67,27.73,10.91,80,38.94,1.77,11.21,24.17,5,5.4,92.5,96.5,101.9806541,29.1,91.1,9.3,52.7,0.16577692,0.024208,20.82,74.63,74.16,10.05,5.02,75.8,37.8,23.8,4.9,0.6,23.8,29.3,13.6,17.2
2,Anugul  ,0.5698,0.5698,0.9198,0.3605,0.604975,0.9651,0.97,0.96755,0.9709302,0.0174,0.2384,0.3713,0.39950755,0,0.1637,0.08185,0.513470638,0.836,0.857,0.971,0.119,0.69575,1,0.674,0.87,0.848,0.0886974,0.1167388,0.1027181,0.107,0.3171,0.226,0.03075,0.01,0.13817,0.446159525,0.242,0.719,0.4805,0.189,0.88,0.955,0.674666667,0.811,0.789,0.839,0.818,0.81425,0.656472222,0.538700795,56.98,56.98,91.98,36.05,96.51,97,97.09,1.74,23.84,37.13,0,16.37,83.6,85.7,100.0509554,67.4,87,2.9,11.9,0.25443653,0.00830986,10.7,31.71,22.6,2.46,0.8,75.8,28.1,18.9,12,4.5,18.9,21.1,16.1,18.2
2,Balangir,0.5604,0.5507,0.7745,0.2222,0.52695,0.9179,0.91,0.91395,0.9178744,0.285,0.029,0.2106,0.3606186,0,0.1323,0.06615,0.46691715,0.954,0.979,0.966,0.308,0.80175,0.989281,0.773,0.958,0.906760333,0.0827974,0.0613263,0.07206185,0.118,0.2729,0.1733,0.139375,0.070125,0.15474,0.483828046,0.403,0.673,0.538,0.201,0.977,0.993,0.723666667,0.799,0.756,0.892,0.84,0.82175,0.694472222,0.548405806,56.04,55.07,77.45,22.22,91.79,91,91.79,28.5,2.9,21.06,0,13.23,95.4,97.9,98.92810026,77.3,95.8,3.4,30.8,0.24193304,0.00512975,11.8,27.29,17.33,11.15,5.61,59.7,32.7,20.1,2.3,0.7,20.1,24.4,10.8,16
2,Baleshwar,0.4765,0.4224,0.9092,0.2744,0.520625,0.9061,0.8808664,0.8934832,0.8844765,0.0866,0.1336,0.409,0.378419125,0,0.829,0.4145,0.551756831,0.566,0.976,0.9069999,0.217,0.666499975,0.9778101,0.51,0.941,0.809603367,0.1361841,0.0652284,0.10070625,0.128,0.3009,0.2729,0.09,0.049625,0.168285,0.436273648,0.385,0.756,0.5705,0.229,0.817,0.941,0.662333333,0.771,0.705,0.878,0.862,0.804,0.678944444,0.555658308,47.65,42.24,90.92,27.44,90.61,88,88.45,8.66,13.36,40.9,0,82.9,56.6,97.6,97.78100647,51,94.1,9.3,21.7,0.35507156,0.00535369,12.8,30.09,27.29,7.2,3.97,61.5,24.4,22.9,18.3,5.9,22.9,29.5,12.2,13.8
2,Bargarh,0.1429,0.1197,0.9997,0.139,0.350325,0.9459,0.94,0.94295,0.9498069,0.1429,0.1004,0.2719,0.366251725,0.0125,0.22,0.11625,0.443944181,0.701,0.996,0.95,0.28,0.73175,0.9312018,0.676,0.959,0.8554006,0.0935021,0.0544224,0.07396225,0.1266,0.3009,0.2433,0.09425,0.032375,0.159485,0.455149463,0.372,0.611,0.4915,0.226,0.96,0.9719999,0.7193333,0.774,0.757,0.8430001,0.846,0.805000025,0.671944442,0.523679362,14.29,11.97,99.97,13.9,94.59,94,94.98,14.29,10.04,27.19,1,22,70.1,99.6,93.12017641,67.6,95.9,5,28,0.26461874,0.00473354,12.66,30.09,24.33,7.54,2.59,62.8,38.9,22.6,4,2.8,22.6,24.3,15.7,15.4
2,Baudh,0.2623,0.2623,0.9633,0.2787,0.44165,0.0164,0.93,0.4732,0.9016393,0.2623,0.0328,0.4501,0.411709825,0,0.2,0.1,0.356639956,0.79,0.934,0.948,0.285,0.73925,0.9019608,0.686,0.918,0.835320267,0.3183749,3.59E-10,0.15918745,9.91E-02,0.3044,0.0529,0.060625,0.019375,0.10728,0.460259429,0.454,0.63,0.542,0.209,0.93,0.977,0.705333333,0.791,0.76,0.892,0.85,0.82325,0.690194444,0.50236461,26.23,26.23,96.33,27.87,1.64,93,90.16,26.23,3.28,45.01,0,20,79,93.4,90.19607843,68.6,91.8,5.2,28.5,0.74117477,0.00161025,9.91,30.44,5.29,4.85,1.55,54.6,37,20.9,7,2.3,20.9,24,10.8,15
2,Bhadrak,0.3307,0.3386,0.5664,0.1275,0.3408,0.9243,0.94,0.93215,0.79636,0.2151,0.2191,0.6114,0.46049,0,0.2822,0.1411,0.468635,0.749,0.961,0.882,0.143,0.68375,0.9804083,0.566,0.837,0.794469433,0.145015,0.0687841,0.10689955,0.2725,0.6372,0.5968,0.051875,0.027375,0.31715,0.475567246,0.362,0.677,0.5195,0.217,0.862,0.921,0.666666667,0.7830001,0.739,0.863,0.825,0.802500025,0.662888897,0.535697048,33.07,33.86,56.64,12.75,92.43,94,79.636,21.51,21.91,61.14,0,28.22,74.9,96.1,98.04083316,56.6,83.7,11.8,14.3,0.37378608,0.00555775,27.25,63.72,59.68,4.15,2.19,63.8,32.3,21.7,13.8,7.9,21.7,26.1,13.7,17.5
2,Cuttack,0.2577,0.1924,0.6039,0.3574,0.35285,0.9691,0.93,0.94955,0.9553264,0.0997,0.0378,0.4485,0.3853316,0.0125,0.404,0.20825,0.4739954,0.842,0.989,0.964,0.098,0.72325,1,0.637,0.904,0.847,0.0901062,0.0235962,0.0568512,0.0736,0.154,0.0946,0.02525,0.01075,0.07164,0.4246853,0.353,0.796,0.5745,0.227,0.917,0.916,0.686666667,0.773,0.729,0.822,0.789,0.77825,0.679805556,0.526162085,25.77,19.24,60.39,35.74,96.91,93,95.53,9.97,3.78,44.85,1,40.4,84.2,98.9,101.942758,63.7,90.4,3.6,9.8,0.25742218,0.00296443,7.36,15.4,9.46,2.02,0.86,64.7,20.4,22.7,8.3,8.4,22.7,27.1,17.8,21.1
2,Debagarh,0.4651,0.5814,0.925,0.0698,0.510325,1,0.98,0.99,1,0.2093,0.0233,0.1743,0.351725,0,0.476,0.238,0.5225125,0.775,0.912,0.932,0.21,0.70725,1,0.715,1,0.905,0.3338642,0.3727103,0.35328725,0.0798,0.2037,0.1114,0.1,0.031625,0.105305,0.517710563,0.279,0.716,0.4975,0.201,0.866,0.956,0.674333333,0.799,0.725,0.893,0.831,0.812,0.661277778,0.567166947,46.51,58.14,92.5,6.98,100,98,100,20.93,2.33,17.43,0,47.6,77.5,91.2,107.8708375,71.5,100,6.8,21,0.774,0.023,7.98,20.37,11.14,8,2.53,72.1,28.4,20.1,13.4,4.4,20.1,27.5,10.7,16.9
2,Dhenkanal,0.3203,0.3137,0.991,0.2745,0.474875,0.9608,0.96,0.9604,0.9542484,0.1569,0.085,0.5824,0.4446371,0,0.2105,0.10525,0.496290525,0.758,0.948,0.919,0.239,0.716,0.8994452,0.701,0.886,0.828815067,0.1647922,0.1488304,0.1568113,0.0995,0.2388,0.1937,0.154375,0.080375,0.15335,0.463744092,0.339,0.667,0.503,0.253,0.905,0.939,0.699,0.747,0.74,0.853,0.83,0.7925,0.664833333,0.54162265,32.03,31.37,99.1,27.45,96.08,96,95.42,15.69,8.5,58.24,0,21.05,75.8,94.8,89.9445215,70.1,88.6,8.1,23.9,0.41569844,0.01015159,9.95,23.88,19.37,12.35,6.43,66.1,33.3,25.3,9.5,6.1,25.3,26,14.7,17
2,Gajapati,0.3193,0.2857,0.8816,0.1008,0.39685,0.1933,0.98,0.58665,0.8319328,0.1261,0.0252,0.2139,0.2992832,0,0.669,0.3345,0.4043208,0.83,0.764,0.946,0.262,0.7005,0.9774869,0.799,0.926,0.900828967,0.2065381,0.1281286,0.16733335,0.1176,0.2348,0.1542,0.017875,0.003,0.105495,0.468539329,0.344,0.566,0.455,0.197,0.936,0.997,0.71,0.803,0.751,0.891,0.88,0.83125,0.665416667,0.512758932,31.93,28.57,88.16,10.08,19.33,98,83.19,12.61,2.52,21.39,0,66.9,83,76.4,97.7486911,79.9,92.6,5.4,26.2,0.50416746,0.00896352,11.76,23.48,15.42,1.43,0.24,65.6,43.4,19.7,6.4,0.3,19.7,24.9,10.9,12
2,Ganjam,0.4634,0.4574,0.9084,0.2396,0.5172,0.897,0.94,0.9185,0.9188119,0.1861,0.0693,0.5118,0.421502975,0.0125,0.4107,0.2116,0.517200744,0.827,0.93,0.831,0.323,0.72775,0.9642284,0.719,0.885,0.856076133,0.0242888,0.0325774,0.0284331,0.0849,0.1679,0.1153,0.0635,0.03775,0.09387,0.426532308,0.431,0.761,0.596,0.234,0.894,0.996,0.708,0.766,0.703,0.8469999,0.7819999,0.77449995,0.692833317,0.545522123,46.34,45.74,90.84,23.96,89.7,94,91.88,18.61,6.93,51.18,1,41.07,82.7,93,96.42283675,71.9,88.5,16.9,32.3,0.11794017,0.00347986,8.49,16.79,11.53,5.08,3.02,56.9,23.9,23.4,10.6,0.4,23.4,29.7,15.3,21.8
2,Jagatsinghapur ,0.7986,0.8129,0.9964,0.0432,0.662775,0.2374,1,0.6187,0.9496403,0.2518,0.259,0.4745,0.483735075,0,0.2517,0.12585,0.472765019,0.826,0.983,0.885,0.135,0.70725,0.8171642,0.688,0.913,0.806054733,0.1748905,0.2718376,0.22336405,0.0917,0.2,0.1722,0.018625,0.016375,0.09978,0.459112196,0.396,0.868,0.632,0.262,0.89,0.929,0.693666667,0.738,0.698,0.831,0.786,0.76325,0.696305556,0.54272759,79.86,81.29,99.64,4.32,23.74,100,94.96,25.18,25.9,47.45,0,25.17,82.6,98.3,81.71641791,68.8,91.3,11.5,13.5,0.43709895,0.01721094,9.17,20,17.22,1.49,1.31,60.4,13.2,26.2,11,7.1,26.2,30.2,16.9,21.4
2,Jajapur  ,0.3663,0.2857,0.4105,0.0842,0.286675,0.8352,0.93,0.8826,0.79636,0.1941,0.0842,0.4457,0.38009,0,0.2416,0.1208,0.41754125,0.738,0.938,0.91,0.119,0.67625,0.9441273,0.608,0.795,0.782375767,0.0871416,0.0514395,0.06929055,0.1038,0.2529,0.1965,0.065125,0.023,0.128265,0.414045329,0.366,0.745,0.5555,0.238,0.88,0.909,0.675666667,0.762,0.72,0.848,0.825,0.78875,0.673305556,0.501630712,36.63,28.57,41.05,8.42,83.52,93,79.636,19.41,8.42,44.57,0,24.16,73.8,93.8,94.41273136,60.8,79.5,9,11.9,0.25113938,0.00456235,10.38,25.29,19.65,5.21,1.84,63.4,25.5,23.8,12,9.1,23.8,28,15.2,17.5
2,Jharsuguda,0.604,0.6139,0.9156,0.2673,0.6002,0.8218,0.83,0.8259,0.79636,0.3168,0.0891,0.4706,0.418215,0.0125,0.26,0.13625,0.49514125,0.941,0.986,0.9630001,0.255,0.786250025,0.8876601,0.738,0.976,0.867220033,0.2883173,0.2888992,0.28860825,0.1377,0.4229,0.2811,0.144,0.072875,0.211715,0.538448327,0.319,0.729,0.524,0.204,0.941,0.99,0.711666667,0.796,0.747,0.834,0.81,0.79675,0.677472222,0.570353933,60.4,61.39,91.56,26.73,82.18,83,79.636,31.68,8.91,47.06,1,26,94.1,98.6,88.76600698,73.8,97.6,3.7,25.5,0.67747588,0.0181901,13.77,42.29,28.11,11.52,5.83,68.1,27.1,20.4,5.9,1,20.4,25.3,16.6,19
2,Kalahandi,0.3399,0.3399,0.8986,0.1067,0.421275,0.9763,0.98,0.97815,0.972332,0.0988,0.0198,0.2707,0.340408,0,0.438,0.219,0.48970825,0.828,0.928,0.96,0.361,0.76925,0.9530575,0.689,0.913,0.851685833,0.0700252,0.0525252,0.0612752,0.0996,0.1231,0.0523,0.0375,0.01825,0.06615,0.437090258,0.36,0.67,0.515,0.264,0.958,0.973,0.731666667,0.736,0.738,0.883,0.856,0.80325,0.683305556,0.536701355,33.99,33.99,89.86,10.67,97.63,98,97.23,9.88,1.98,27.07,0,43.8,82.8,92.8,95.30574429,68.9,91.3,4,36.1,0.21486601,0.00462466,9.96,12.31,5.23,3,1.46,64,33,26.4,4.2,2.7,26.4,26.2,11.7,14.4
2,Kandhamal,0.682,0.659,0.5966,0.4055,0.585775,0.9862,0.99,0.9881,0.9861751,0.1429,0.0599,0.1983,0.346818775,0.0125,0.3333,0.1729,0.523398444,0.811,0.939,0.955,0.244,0.73725,0.8183046,0.765,0.968,0.850434867,0.1597744,0.1270741,0.14342425,0.1418,0.3574,0.2592,0.12625,0.028875,0.182705,0.478453529,0.512,0.6580001,0.58500005,0.244,0.947,0.986,0.725666667,0.756,0.752,0.895,0.877,0.82,0.710222239,0.570691404,68.2,65.9,59.66,40.55,98.62,99,98.62,14.29,5.99,19.83,1,33.33,81.1,93.9,81.83046268,76.5,96.8,4.5,24.4,0.40506471,0.008903,14.18,35.74,25.92,10.1,2.31,48.8,34.2,24.4,5.3,1.4,24.4,24.8,10.5,12.3
2,Kendrapara ,0.5179,0.4345,0.5652,0.1964,0.4285,0.6845,0.96,0.82225,0.952381,0.0833,0.0833,0.5766,0.42389525,0,0.4047,0.20235,0.469248813,0.771,0.967,0.877,0.22,0.70875,1,0.689,0.828,0.839,0.1904651,0.1145671,0.1525161,0.1039,0.2911,0.1187,0.1265,0.031625,0.134365,0.458657775,0.411,0.714,0.5625,0.219,0.896,0.935,0.683333333,0.781,0.752,0.8430001,0.784,0.790000025,0.678611119,0.535505902,51.79,43.45,56.52,19.64,68.45,96,95.24,8.33,8.33,57.66,0,40.47,77.1,96.7,101.1883234,68.9,82.8,12.3,22,0.47010509,0.00818523,10.39,29.11,11.87,10.12,2.53,58.9,28.6,21.9,10.4,6.5,21.9,24.8,15.7,21.6
2,Kendujhar,0.0732,0.0732,0.961,0.1382,0.3114,0.9621,0.99,0.97605,0.9593496,0.1328,0.0678,0.3636,0.3808874,0,0.268,0.134,0.45058435,0.571,0.804,0.962,0.169,0.6265,1,0.579,0.86,0.813,0.0432763,0.0651146,0.05419545,0.1094,0.3874,0.2608,0.064375,0.026,0.169595,0.415822613,0.31,0.638,0.474,0.241,0.8469999,0.976,0.687999967,0.759,0.749,0.887,0.8419999,0.809249975,0.657083314,0.507830092,7.32,7.32,96.1,13.82,96.21,99,95.93,13.28,6.78,36.36,0,26.8,57.1,80.4,106.9728916,57.9,86,3.8,16.9,0.15817903,0.00534716,10.94,38.74,26.08,5.15,2.08,69,36.2,24.1,15.3,2.4,24.1,25.1,11.3,15.8
2,Khordha ,0.2273,0.2121,0.9661,0.3144,0.429975,0.9508,0.92,0.9354,0.79636,0.1098,0.0795,0.3541,0.33494,0,0.3503,0.17515,0.46886625,0.91,0.978,0.926,0.289,0.77575,1,0.733,0.879,0.870666667,0.1306743,0.0290137,0.079844,0.1124,0.251,0.1929,0.0885,0.058,0.14056,0.466705167,0.321,0.829,0.575,0.202,0.901,0.979,0.694,0.798,0.749,0.779,0.75,0.769,0.679333333,0.538301583,22.73,21.21,96.61,31.44,95.08,92,79.636,10.98,7.95,35.41,0,35.03,91,97.8,106.993844,73.3,87.9,7.4,28.9,0.34339506,0.00327534,11.24,25.1,19.29,7.08,4.64,67.9,17.1,20.2,9.9,2.1,20.2,25.1,22.1,25
2,Koraput,0.2734,0.293,0.9358,0.2734,0.4439,0.1992,0.97,0.5846,0.9765625,0.3984,0.0547,0.3163,0.436490625,0,0.286,0.143,0.401997656,0.792,0.821,0.934,0.449,0.749,0.9327103,0.859,0.98,0.923903433,0.0748949,0.127348,0.10112145,0.1052,0.2011,0.1622,0.073375,0.027125,0.1138,0.471956221,0.418,0.569,0.4935,0.211,0.917,0.996,0.708,0.789,0.755,0.919,0.873,0.834,0.6785,0.517484626,27.34,29.3,93.58,27.34,19.92,97,97.66,39.84,5.47,31.63,0,28.6,79.2,82.1,93.27102804,85.9,98,6.6,44.9,0.22518592,0.00891872,10.52,20.11,16.22,5.87,2.17,58.2,43.1,21.1,8.3,0.4,21.1,24.5,8.1,12.7
2,Malkangiri  ,0.3627,0.3137,2.46E-01,0.2745,0.2993,0.1471,0.99,0.56855,0.9901961,0.3333,0.1863,0.3621,0.467974025,0,0.4,0.2,0.383956006,0.828,0.907,0.956,0.371,0.7655,1,0.74,0.948,0.896,0.3276933,0.2525772,0.29013525,0.0999,0.226,0.1574,0.06925,0.029,0.11631,0.516986313,0.282,0.557,0.4195,0.171,0.962,0.989,0.707333333,0.829,0.793,0.884,0.861,0.84175,0.656194444,0.519045588,36.27,31.37,24.63,27.45,14.71,99,99.02,33.33,18.63,36.21,0,40,82.8,90.7,100.7479675,74,94.8,4.4,37.1,0.76092236,0.01610559,9.99,22.6,15.74,5.54,2.32,71.8,44.3,17.1,3.8,1.1,17.1,20.7,11.6,13.9
2,Mayurbhanj,0.4438,0.4157,0.6366,0.1285,0.40615,0.9799,0.98,0.97995,0.8453816,0.3012,0.2269,0.2743,0.4119454,0,0.2036,0.1018,0.47496135,0.529,0.917,0.941,0.184,0.64275,1,0.584,0.844,0.809333333,0.0466336,0.0437054,0.0451695,0.1289,0.3588,0.3218,0.10425,0.05925,0.1946,0.422963208,0.27,0.633,0.4515,0.261,0.825,0.9680001,0.6846667,0.739,0.712,0.9119999,0.877,0.809999975,0.648722225,0.515548928,44.38,41.57,63.66,12.85,97.99,98,84.54,30.12,22.69,27.43,0,20.36,52.9,91.7,103.411089,58.4,84.4,5.9,18.4,0.1652939,0.00411849,12.89,35.88,32.18,8.34,4.74,73,36.7,26.1,17.5,3.2,26.1,28.8,8.8,12.3
2,Nabarangapur ,0.4225,0.4332,0.9602,0.123,0.484725,0.8503,0.86,0.85515,0.9839572,0.6096,0.123,0.1956,0.4780393,0,0.475,0.2375,0.513853575,0.877,0.876,0.966,0.275,0.7485,0.9060414,0.795,0.948,0.8830138,0.0979932,0.1381627,0.11807795,0.0912,0.2257,0.1971,0.03525,0.01725,0.1133,0.465722938,0.303,0.559,0.431,0.208,0.964,0.995,0.722333333,0.792,0.774,0.929,0.897,0.848,0.667111111,0.548895875,42.25,43.32,96.02,12.3,85.03,86,98.4,60.96,12.3,19.56,0,47.5,87.7,87.6,90.60413885,79.5,94.8,3.4,27.5,0.27413652,0.00953937,9.12,22.57,19.71,2.82,1.38,69.7,44.1,20.8,3.6,0.5,20.8,22.6,7.1,10.3
2,Nayagarh  ,0.7636,0.8061,0.9935,0.503,0.76655,0.897,0.92,0.9085,0.8969697,0.4061,0.0788,0.4293,0.452792425,0,0.4024,0.2012,0.582260606,0.903,0.983,0.955,0.322,0.79075,0.7959183,0.768,0.961,0.841639433,0.2058951,0.2174188,0.21165695,0.118,0.3214,0.1613,0.032,0.031625,0.132865,0.494227846,0.374,0.8,0.587,0.22,0.894,0.981,0.698333333,0.78,0.812,0.793,0.76,0.78625,0.690527778,0.58900541,76.36,80.61,99.35,50.3,89.7,92,89.7,40.61,7.88,42.93,0,40.24,90.3,98.3,79.59183673,76.8,96.1,4.5,32.2,0.50280482,0.01408786,11.8,32.14,16.13,2.56,2.53,62.6,20,22,10.6,1.9,22,18.8,20.7,24
2,Nuapada  ,0.1064,0.0638,0.7788,0.1064,0.26385,0.8723,0.87,0.87115,0.9680851,0.3404,0.1383,0.2862,0.433246275,0,0.3225,0.16125,0.432374069,0.716,0.898,0.928,0.383,0.73125,1,0.786,0.97,0.918666667,0.1554324,0.2593376,0.207385,0.1109,0.1993,0.1679,0.0485,0.006875,0.106695,0.490999167,0.357,0.569,0.463,0.214,0.93,0.992,0.712,0.786,0.764,0.894,0.878,0.8305,0.6685,0.530624412,10.64,6.38,77.88,10.64,87.23,87,96.81,34.04,13.83,28.62,0,32.25,71.6,89.8,101.1029412,78.6,97,7.2,38.3,0.39586302,0.01649357,11.09,19.93,16.79,3.88,0.55,64.3,43.1,21.4,7,0.8,21.4,23.6,10.6,12.2
2,Puri,0.332,0.36,0.8913,0.164,0.436825,0.704,0.83,0.767,0.932,0.22,0.124,0.4124,0.4221,0,0.5528,0.2764,0.47558125,0.949,0.977,0.927,0.318,0.79275,0.8989555,0.776,0.958,0.877651833,0.1038033,0.0706053,0.0872043,0.123,0.2608,0.1607,0.121625,0.072125,0.14765,0.476314033,0.367,0.862,0.6145,0.208,0.882,1,0.696666667,0.792,0.767,0.793,0.769,0.78025,0.697138889,0.549678057,33.2,36,89.13,16.4,70.4,83,93.2,22,12.4,41.24,0,55.28,94.9,97.7,89.8955495,77.6,95.8,7.3,31.8,0.28644929,0.00566227,12.3,26.08,16.07,9.73,5.77,63.3,13.8,20.8,11.8,0,20.8,23.3,20.7,23.1
2,Rayagada  ,0.205,0.1799,0.9473,0.1004,0.35815,0.9833,0.99,0.98665,0.9916318,0.1339,0.1004,0.2156,0.36038295,0,0.3096,0.1548,0.464995738,0.853,0.689,0.939,0.301,0.6955,1,0.745,0.927,0.890666667,0.094296,0.2391657,0.16673085,0.1212,0.3229,0.1815,0.148125,0.040375,0.16282,0.478929379,0.312,0.564,0.438,0.195,0.949,0.989,0.711,0.805,0.749,0.872,0.84,0.8165,0.655166667,0.533030594,20.5,17.99,94.73,10.04,98.33,99,99.16,13.39,10.04,21.56,0,30.96,85.3,68.9,225.5974843,74.5,92.7,6.1,30.1,0.26630127,0.01533591,12.12,32.29,18.15,11.85,3.23,68.8,43.6,19.5,5.1,1.1,19.5,25.1,12.8,16
2,Sambalpur,0.485,0.47,0.6772,0.265,0.4743,0.92,0.92,0.92,0.915,0.27,0.155,0.253,0.39825,0,0.1776,0.0888,0.4703375,0.889,0.995,0.909,0.242,0.75875,1,0.59,0.98,0.856666667,0.1264698,0.1052509,0.11586035,0.1359,0.2469,0.1989,0.030125,0.016,0.125565,0.464210504,0.329,0.593,0.461,0.222,0.924,0.983,0.709666667,0.7780001,0.755,0.883,0.834,0.812500025,0.661055564,0.531867856,48.5,47,67.72,26.5,92,92,91.5,27,15.5,25.3,0,17.76,88.9,99.5,102.6183644,59,98,9.1,24.2,0.33448468,0.00765057,13.59,24.69,19.89,2.41,1.28,67.1,40.7,22.2,7.6,1.7,22.2,24.5,11.7,16.6
2,Subarnapur (Sonapur),0.3333,0.3548,0.8629,0.043,0.3985,0.3978,0.99,0.6939,0.9569892,0.5376,0.086,0.3173,0.4744723,0,0.4456,0.2228,0.447418075,0.878,0.961,0.942,0.258,0.75975,0.9562147,0.61,0.98,0.848738233,0.2990241,0.2280296,0.26352685,0.1234,0.2924,0.3588,0.02875,0.01775,0.16422,0.509058771,0.412,0.704,0.558,0.224,0.947,0.997,0.722666667,0.776,0.795,0.87,0.872,0.82825,0.702972222,0.553149689,33.33,35.48,86.29,4.3,39.78,99,95.7,53.76,8.6,31.73,0,44.56,87.8,96.1,95.62146893,61,98,5.8,25.8,0.700166,0.01469681,12.34,29.24,35.88,2.3,1.42,58.8,29.6,22.4,5.3,0.3,22.4,20.5,13,12.8
2,Sundargarh,0.4006,0.3918,0.9519,0.1287,0.46825,0.9737,0.98,0.97685,0.9064327,0.2164,0.2515,0.1396,0.378483175,0.0125,0.2844,0.14845,0.493008294,0.731,0.913,0.976,0.251,0.71775,0.9739173,0.632,0.82,0.8086391,0.0526591,0.04936,0.05100955,0.1335,0.3223,0.1858,0.092875,0.04975,0.156845,0.433560913,0.302,0.671,0.4865,0.211,0.946,0.961,0.706,0.789,0.747,0.876,0.864,0.819,0.6705,0.532356402,40.06,39.18,95.19,12.87,97.37,98,90.64,21.64,25.15,13.96,1,28.44,73.1,91.3,97.39173228,63.2,82,2.4,25.1,0.17806322,0.00444301,13.35,32.23,18.58,7.43,3.98,69.8,32.9,21.1,5.4,3.9,21.1,25.3,12.4,13.6
3,East Garo Hills,0,0,0.6555,0.087,0.185625,0,0,0,0.9565217,0,0,0.0231,0.244905425,0.05,0.043,0.0465,0.119257606,0.255,0.738,0.79,0.221,0.501,0.7853705,0.48,0.724,0.6631235,0.3120303,0.4707775,0.3914039,0.0046,2.29E-02,2.30E-03,7.21E-01,9.23E-02,0.168635,0.4310406,4.79E-01,6.03E-01,0.541,1.53E-01,9.08E-01,9.84E-01,0.6816667,0.8469999,0.768,0.9069999,0.8380001,0.839999975,0.687555558,0.412617922,0,0,65.55,8.7,0,0,95.65,0,0,2.31,4,4.3,25.5,73.8,78.53705486,48,72.4,21,22.1,0.72772911,0.02862805,0.46,2.29,0.23,57.69,7.38,52.1,39.7,15.3,9.2,1.6,15.3,23.2,9.3,16.2
3,East Jaintia Hills,0,0,0.635,0.04,0.16875,0,0.24,0.12,1,0.32,0,1.77E-02,0.334425,0,0,0,0.15579375,0.586,0.484,0.74,0.441,0.56275,0.9172553,0.853,0.744,0.8380851,0.9999999,1,0.99999995,0.0369,0.0472,0.0329,0.125,0.08725,0.06585,0.616671263,0.563,0.502,0.5325,0.187,0.894,0.952,0.677666667,0.813,0.828,0.937,0.923,0.87525,0.695138889,0.4892013,0,0,63.5,4,0,24,100,32,0,1.77,0,0,58.6,48.4,91.72552977,85.3,74.4,26,44.1,2.185691,0.059,3.69,4.72,3.29,10,6.98,43.7,49.8,18.7,10.6,4.8,18.7,17.2,6.3,7.7
3,East Khasi Hills,0.0762,0,0.7879,0.2286,0.273175,0.0095,0.04,0.02475,0.90608,0.0095,0.0952,0.1255,0.28407,0,0.057,0.0285,0.15262375,0.574,0.634,0.67,0.227,0.52625,0.7553882,0.863,0.491,0.7031294,0.203366,0.1647644,0.1840652,0.0597,0.1624,0.0644,0.096125,0.016,0.079725,0.3732924,0.515,0.554,0.5345,0.245,0.885,0.949,0.693,0.755,0.75,0.909,0.906,0.83,0.685833333,0.403916494,7.62,0,78.79,22.86,0.95,4,90.608,0.95,9.52,12.55,0,5.7,57.4,63.4,75.53882109,86.3,49.1,33,22.7,0.49744503,0.01106604,5.97,16.24,6.44,7.69,1.28,48.5,44.6,24.5,11.5,5.1,24.5,25,9.1,9.4
3,North Garo Hills,0,0,0.8742,0.0833,0.239375,0,0.25,0.125,0.90608,0.0833,0.1111,0.0455,0.286495,0,0.056,0.028,0.1697175,0.243,0.615,0.748,0.08,0.4215,1,0.623,0.475,0.699333333,0.3329562,0.5221807,0.42756845,0.0102,0.0482,0.0174,0,3.29E-02,0.021735,0.392534196,4.11E-01,6.44E-01,0.5275,2.00E-01,9.34E-01,9.91E-01,0.708333333,0.8,0.746,0.878,0.813,0.80925,0.681694444,0.414648713,0,0,87.42,8.33,0,25,90.608,8.33,11.11,4.55,0,5.6,24.3,61.5,141.8644068,62.3,47.5,25.2,8,0.77207565,0.03157807,1.02,4.82,1.74,0,2.63,58.9,35.6,20,6.6,0.9,20,25.4,12.2,18.7
3,Ri Bhoi,0.0526,0.0263,0.7147,0.1053,0.224725,0,0.05,0.025,1,0.1053,0.0789,0.0355,0.304925,0.0375,0.105,0.07125,0.156475,0.61,0.569,0.73,0.342,0.56275,0.8283208,0.859,0.748,0.8117736,0.6254835,0.4242747,0.5248791,0.0507,0.1794,0.0599,0.43475,0.072375,0.159425,0.514706925,0.378,0.575,0.4765,0.135,0.887,0.964,0.662,0.865,0.84,0.92,0.919,0.886,0.674833333,0.448671753,5.26,2.63,71.47,10.53,0,5,100,10.53,7.89,3.55,3,10.5,61,56.9,82.8320802,85.9,74.8,27,34.2,1.3920067,0.02595927,5.07,17.94,5.99,34.78,5.79,62.2,42.5,13.5,11.3,3.6,13.5,16,8,8.1
3,South Garo Hills,0.1667,0.1667,0.7725,0.1667,0.31815,0,0,0,1,0,0,0.0488,0.2622,0,0.167,0.0835,0.1659625,0.333,0.883,0.747,0.203,0.5415,0.9603283,0.598,0.868,0.8087761,0.8613556,0.012749,0.4370523,0.0239,0.0257,0.0177,0,0.02675,0.01881,0.4515346,0.423,0.702,0.5625,0.158,0.946,0.969,0.691,0.8419999,0.772,0.872,0.763,0.812249975,0.688583325,0.435360142,16.67,16.67,77.25,16.67,0,0,100,0,0,4.88,0,16.7,33.3,88.3,96.03283174,59.8,86.8,25.3,20.3,1.8918725,0.00234191,2.39,2.57,1.77,0,2.14,57.7,29.8,15.8,5.4,3.1,15.8,22.8,12.8,23.7
3,South West Garo Hills,0,0,0.67,0.04,0.1775,0.04,0,0.02,1,0.24,0.12,0.091,0.36275,0,0.04,0.02,0.1450625,0.285,0.837,0.696,0.242,0.515,0.9092783,0.545,0.854,0.7694261,0.6044731,0.556835,0.58065405,0.0097,0.0265,0.0141,0,0.024,0.01486,0.469985038,0.364,0.678,0.521,0.136,0.921,0.925,0.660666667,0.864,0.8,0.871,0.833,0.842,0.674555556,0.429867698,0,0,67,4,4,0,100,24,12,9.1,0,4,28.5,83.7,90.92783505,54.5,85.4,30.4,24.2,1.347481,0.03356687,0.97,2.65,1.41,0,1.92,63.6,32.2,13.6,7.9,7.5,13.6,20,12.9,16.7
3,South West Khasi Hills,0,0,0.7217,0.0588,0.195125,0,0,0,1,0.0588,0,0.0236,0.2706,0,0,0,0.11643125,0.633,0.417,0.738,0.428,0.554,0.7092025,0.768,0.788,0.7550675,0.6337513,0.9986029,0.8161771,0.0107,0.024,0.0076,0,0,0.00846,0.53342615,4.15E-01,4.86E-01,0.4505,1.85E-01,9.25E-01,9.40E-01,0.683333333,0.815,0.81,0.937,0.931,0.87325,0.669027778,0.439628393,0,0,72.17,5.88,0,0,100,5.88,0,2.36,0,0,63.3,41.7,70.9202454,76.8,78.8,26.2,42.8,1.4095281,0.05891982,1.07,2.4,0.76,0,0,58.5,51.4,18.5,7.5,6,18.5,19,6.3,6.9
3,West Garo Hills,0,0,0.5771,0.1622,0.184825,0,0.01,0.005,0.972973,0.1486,0.2838,0.0526,0.36449325,0,0,0,0.138579563,0.48,0.896,0.803,0.32,0.62475,0.9552522,0.472,0.771,0.732750733,0.1509209,0.1301903,0.1405556,0.0526,0.1338,0.0119,0.21225,0.0265,0.08741,0.396366583,0.428,0.605,0.5165,0.174,0.922,0.965,0.687,0.826,0.753,0.879,0.754,0.803,0.668833333,0.401259826,0,0,57.71,16.22,0,1,97.3,14.86,28.38,5.26,0,0,48,89.6,95.52521805,47.2,77.1,19.7,32,0.38630211,0.00908184,5.26,13.38,1.19,16.98,2.12,57.2,39.5,17.4,7.8,3.5,17.4,24.7,12.1,24.6
3,West Jaintia Hills,0.5577,0.6154,0.761,0.1154,0.512375,0.0192,0.12,0.0696,0.9615384,0.0385,0.0577,0.0524,0.2775346,0.025,0.058,0.0415,0.2252524,0.431,0.422,0.707,0.314,0.4685,0.9773478,0.885,0.597,0.8197826,0.5674866,0.3609737,0.46423015,0.0137,0.0319,0.0103,0,0.014,0.01398,0.441623188,0.447,0.513,0.48,0.18,0.863,0.952,0.665,0.82,0.845,0.9119999,0.922,0.874749975,0.673249992,0.446708526,55.77,61.54,76.1,11.54,1.92,12,96.15,3.85,5.77,5.24,2,5.8,43.1,42.2,97.73478056,88.5,59.7,29.3,31.4,1.2690982,0.02232644,1.37,3.19,1.03,0,1.12,55.3,48.7,18,13.7,4.8,18,15.5,8.8,7.8
3,West Khasi Hills,0.1034,0.069,0.77,0.1552,0.2744,0,0.1,0.05,0.9827586,0.0517,0.0517,0.0247,0.27771465,0,0.077,0.0385,0.160153663,0.64,0.417,0.742,0.434,0.55825,0.9041506,0.812,0.625,0.780383533,0.6532841,0.3058778,0.47958095,0.0601,0.1479,0.0663,0.006125,0,0.056085,0.468574871,4.79E-01,4.10E-01,0.4445,1.60E-01,8.99E-01,9.35E-01,0.664666667,0.84,0.836,0.944,0.924,0.886,0.665055556,0.431261363,10.34,6.9,77,15.52,0,10,98.28,5.17,5.17,2.47,0,7.7,64,41.7,90.41506205,81.2,62.5,25.8,43.4,1.4509225,0.0191645,6.01,14.79,6.63,0.49,0,52.1,59,16,10.1,6.5,16,16.4,5.6,7.6